{
  "cv_mean_auc": 0.6503475444849529,
  "cv_std_auc": 0.018674812744707545,
  "cv_n": 5,
  "cv_95ci_lower": 0.6271597018266527,
  "cv_95ci_upper": 0.6735353871432531,
  "test_auc": 0.660874536569682,
  "baseline_auc": 0.489076,
  "model_path": "c:\\Users\\elad\\Desktop\\rnd\\VI\\wellco_churn\\models\\best_model_20251112T223928Z.joblib",
  "predictions_path": "c:\\Users\\elad\\Desktop\\rnd\\VI\\wellco_churn\\outputs\\test_predictions.csv"
}